Employee ID,Contingent Worker Supplier,Fieldglass ID,Projected End Date
1001,CD Global,CSCOWK1001,02/02/2023
1002,CD Global,CSCOWK1002,02/02/2023
1003,AB Global,CSCOWK1003,03/14/2023
1004,AB Global,CSCOWK1004,03/04/2023
1005,CD Global,CSCOWK1005,03/14/2023
1006,CD Global,CSCOWK1006,03/14/2023
1007,CD Global,CSCOWK1007,02/22/2023
1008,CD Global,CSCOWK1008,03/14/2023
1009,EF Global,CSCOWK1009,03/14/2023
1010,EF Global,CSCOWK1010,02/02/2023
1011,AB Global,CSCOWK1011,03/14/2023
1012,AB Global,CSCOWK1012,02/02/2023
1013,AB Global,CSCOWK1013,03/14/2023
1014,CD Global,CSCOWK1014,03/14/2023
1015,AB Global,CSCOWK1015,03/04/2023
1016,CD Global,CSCOWK1016,03/14/2023
1017,EF Global,CSCOWK1017,03/14/2023
T1018,EF Global,CSCOWKT1018,03/04/2023
1019,EF Global,CSCOWK1019,03/14/2023
1020,AB Global,CSCOWK1020,02/22/2023
T1021,CD Global,CSCOWKT1021,03/14/2023
1022,EF Global,CSCOWK1022,02/02/2023
T1023,AB Global,CSCOWKT1023,03/14/2023
1024,CD Global,CSCOWK1024,03/04/2023
1025,CD Global,CSCOWK1025,03/14/2023
1026,EF Global,CSCOWK1026,02/02/2023
1027,EF Global,CSCOWK1027,03/14/2023
1028,EF Global,CSCOWK1028,03/14/2023
,EF Global,CSCOWK,02/22/2023
   ,AB Global,CSCOWK   ,02/02/2023
